,count
Restaurants,63944
Shopping,34644
Food,32991
Home Services,22487
Beauty & Spas,20520
Health & Medical,19227
Local Services,15783
Automotive,14720
Nightlife,14211
Bars,12400
Event Planning & Services,11263
Active Life,10225
Coffee & Tea,8415
Fashion,8374
Fast Food,8106
Sandwiches,8064
American (Traditional),7596
Home & Garden,7331
Hair Salons,7303
Pizza,7302
Professional Services,6923
Arts & Entertainment,6802
Doctors,6767
Auto Repair,6657
Real Estate,6435
Hotels & Travel,6413
Breakfast & Brunch,6225
Burgers,6107
Nail Salons,5451
Specialty Food,5253
Mexican,5207
American (New),5118
Italian,5012
Fitness & Instruction,4861
Chinese,4746
Pets,4402
Hair Removal,4375
Bakeries,4055
Dentists,3870
Grocery,3862
Desserts,3824
Education,3763
Skin Care,3755
Contractors,3614
Cafes,3601
Financial Services,3529
Women's Clothing,3249
Pet Services,3084
Ice Cream & Frozen Yogurt,3034
General Dentistry,3032
Chicken Wings,3012
Apartments,3007
Salad,2988
Japanese,2984
Day Spas,2880
Massage,2835
Caterers,2832
Hotels,2757
Seafood,2753
Waxing,2697
Tires,2597
Venues & Event Spaces,2544
Accessories,2488
Sushi Bars,2448
Gyms,2428
Wine & Spirits,2416
Beer,2416
Oil Change Stations,2407
Sports Bars,2376
Flowers & Gifts,2366
Cosmetics & Beauty Supply,2328
Home Decor,2326
Cosmetic Dentists,2321
Sporting Goods,2311
Auto Parts & Supplies,2250
Car Dealers,2249
Pubs,2229
Furniture Stores,2199
Asian Fusion,2180
Barbers,2173
Convenience Stores,2117
Delis,2079
Eyelash Service,2050
Medical Centers,2044
Trainers,2020
Hair Stylists,2020
Juice Bars & Smoothies,2017
Mediterranean,2012
Canadian (New),1992
Barbeque,1987
Men's Clothing,1986
Arts & Crafts,1961
Massage Therapy,1917
Jewelry,1902
Gas Stations,1855
IT Services & Computer Repair,1839
Electronics,1839
Drugstores,1810
Specialty Schools,1764
Lounges,1762
Department Stores,1711
Real Estate Services,1697
Steakhouses,1696
Pet Groomers,1686
Heating & Air Conditioning/HVAC,1659
Indian,1652
Shoe Stores,1591
Laundry Services,1558
Thai,1547
Banks & Credit Unions,1542
Plumbing,1537
Dry Cleaning & Laundry,1536
Cocktail Bars,1520
Local Flavor,1492
Party & Event Planning,1486
Public Services & Government,1485
Diners,1485
Chiropractors,1455
Landscaping,1452
Body Shops,1448
Middle Eastern,1443
Mags,1437
Books,1437
Music & Video,1437
Medical Spas,1430
Optometrists,1410
Vietnamese,1409
Home Cleaning,1406
Mobile Phones,1381
Pet Sitting,1366
Veterinarians,1362
Car Wash,1304
Wine Bars,1298
Vegetarian,1297
Real Estate Agents,1291
Eyewear & Opticians,1279
Makeup Artists,1278
Lawyers,1270
Pet Stores,1256
Auto Detailing,1245
Movers,1216
Printing Services,1210
Yoga,1208
Sewing & Alterations,1161
Florists,1159
Property Management,1157
Performing Arts,1149
Self Storage,1148
Music Venues,1146
Greek,1145
Transportation,1133
Physical Therapy,1128
Ethnic Food,1101
Kitchen & Bath,1099
Orthodontists,1097
French,1082
Parks,1073
Food Delivery Services,1066
Building Supplies,1057
Flooring,1053
Hair Extensions,1051
Vegan,1037
Discount Store,1033
Carpet Cleaning,1027
Korean,1025
Auto Glass Services,1014
Food Trucks,1014
Car Rental,1011
Insurance,1006
Soup,999
Oral Surgeons,986
Gluten-Free,976
Appliances,956
Appliances & Repair,955
Comfort Food,945
Photographers,944
Tanning,938
Buffets,932
Tobacco Shops,927
Hardware Stores,923
Family Practice,922
Men's Hair Salons,912
Health Markets,886
Tattoo,881
Gift Shops,877
Donuts,872
Dance Clubs,869
Tacos,862
Sports Wear,861
Art Galleries,847
Wedding Planning,847
Shipping Centers,845
Weight Loss Centers,839
Child Care & Day Care,837
Interior Design,837
Hot Dogs,835
Hobby Shops,828
Mattresses,821
Acupuncture,816
Preschools,810
Vintage & Consignment,802
Used,802
Tex-Mex,794
Endodontists,767
Towing,752
Thrift Stores,750
Transmission Repair,743
Laser Hair Removal,742
Pool & Hot Tub Service,741
Mobile Phone Repair,736
Pediatric Dentists,736
Halal,725
Tours,723
Bubble Tea,720
Nurseries & Gardening,713
Chicken Shop,712
Vape Shops,710
Blow Dry/Out Services,709
Mortgage Brokers,703
Caribbean,703
Pool Cleaners,699
Electronics Repair,690
Community Service/Non-Profit,690
Painters,688
Handyman,682
Pest Control,681
Bridal,671
Mobile Phone Accessories,670
Latin American,662
Elementary Schools,660
Dive Bars,654
Bagels,648
Toy Stores,644
Golf,642
Nutritionists,639
Electricians,639
Pet Training,638
Children's Clothing,638
Breweries,635
Antiques,634
Computers,625
Notaries,621
Gastropubs,616
Religious Organizations,616
Shopping Centers,616
Diagnostic Services,609
Noodles,607
Eyebrow Services,604
Permanent Makeup,603
Graphic Design,603
Office Cleaning,593
Beer Bar,592
Tree Services,585
Water Heater Installation/Repair,582
Bookstores,582
Photography Stores & Services,581
Southern,576
Meat Shops,571
Tapas/Small Plates,568
Bikes,566
Reflexology,561
Martial Arts,560
Periodontists,552
Session Photography,551
Naturopathic/Holistic,550
Swimming Pools,545
Event Photography,540
Damage Restoration,540
Telecommunications,540
Dry Cleaning,538
Sports Medicine,531
Pharmacy,525
Carpeting,520
Counseling & Mental Health,518
Pakistani,515
Travel Services,514
Windows Installation,514
Auto Customization,514
Sports Clubs,514
Personal Injury Law,513
Security Systems,510
Urgent Care,509
Masonry/Concrete,507
Internet Service Providers,507
Chocolatiers & Shops,506
Obstetricians & Gynecologists,505
Roofing,502
Cinema,501
Auto Insurance,499
Festivals,499
Hot Tub & Pool,499
Casinos,495
Windshield Installation & Repair,495
Tea Rooms,493
Cosmetic Surgeons,483
Hospitals,482
Churches,482
Lighting Fixtures & Equipment,479
Used Car Dealers,478
Farmers Market,473
Imported Food,472
Tapas Bars,460
Piercing,458
Ophthalmologists,454
Tax Services,454
Home & Rental Insurance,454
Party Supplies,452
Internal Medicine,449
Couriers & Delivery Services,448
Fruits & Veggies,440
Watches,439
Arcades,437
Pediatricians,436
Shades & Blinds,433
Marketing,433
Divorce & Family Law,429
Limos,429
Kids Activities,421
Amusement Parks,417
Outdoor Gear,416
Pilates,414
Office Equipment,412
Boot Camps,411
Keys & Locksmiths,408
Musical Instruments & Teachers,403
Spray Tanning,401
Landscape Architects,401
Outlet Stores,399
Irrigation,398
Adult Entertainment,396
Karaoke,396
Wholesale Stores,392
Vitamins & Supplements,392
Street Vendors,390
Cards & Stationery,389
Cabinetry,388
Financial Advising,387
Window Washing,387
Dance Studios,386
Food Stands,380
Art Supplies,379
Home Inspectors,378
Accountants,378
Web Design,376
Cupcakes,374
Smog Check Stations,372
Wheel & Rim Repair,372
Mailbox Centers,371
Baby Gear & Furniture,370
Tiling,369
Hawaiian,366
Gardeners,366
Nail Technicians,365
Junk Removal & Hauling,364
Garage Door Services,363
Candy Stores,362
Formal Wear,361
Truck Rental,360
Museums,359
Recreation Centers,359
Orthopedists,359
Soul Food,358
Criminal Defense Law,357
Custom Cakes,356
Pet Boarding,354
Jewelry Repair,354
Airport Shuttles,348
Door Sales/Installation,347
Signmaking,344
Fish & Chips,344
Rehabilitation Center,344
Middle Schools & High Schools,344
Motorcycle Dealers,343
Shoe Repair,342
Dermatologists,341
Dim Sum,338
Dog Walkers,338
Colleges & Universities,332
Playgrounds,331
Cajun/Creole,328
Motorcycle Repair,327
Home Health Care,327
Videos & Video Game Rental,325
Threading Services,325
Hookah Bars,324
Libraries,323
Educational Services,323
Bike Repair/Maintenance,320
Mass Media,320
Music & DVDs,319
Summer Camps,318
Ramen,318
Party Equipment Rentals,317
Pressure Washers,316
Post Offices,314
Reiki,312
Car Window Tinting,296
Guns & Ammo,296
Creperies,295
Pain Management,291
Life Insurance,289
Lingerie,288
Life Coach,286
Lebanese,285
Furniture Reupholstery,283
Taxis,280
Legal Services,276
Leather Goods,275
Air Duct Cleaning,275
Diagnostic Imaging,273
Bike Rentals,272
Shaved Ice,270
Taiwanese,269
Watch Repair,268
Car Stereo Installation,267
Art Classes,265
Filipino,264
Patisserie/Cake Shop,263
Portuguese,263
Glass & Mirrors,262
Drywall Installation & Repair,261
Pawn Shops,261
Auto Loan Providers,259
Water Purification Services,254
Laboratory Testing,254
Employment Agencies,251
DUI Law,250
Bowling,249
Butcher,249
Organic Stores,246
Food Court,245
Laser Eye Surgery/Lasik,245
Advertising,245
Fabric Stores,244
Traditional Chinese Medicine,242
Packing Services,242
Cheesesteaks,241
Head Shops,241
Interval Training Gyms,240
Coffee Roasteries,239
Commercial Real Estate,237
Seafood Markets,236
Check Cashing/Pay-day Loans,235
Home Window Tinting,234
Pool Halls,234
Floral Designers,232
Boxing,231
Surgeons,231
Amateur Sports Teams,230
Modern European,228
Retirement Homes,227
Poke,226
Poutineries,225
Podiatrists,225
Public Transportation,225
Estate Planning Law,224
Fences & Gates,223
General Litigation,222
Do-It-Yourself Food,222
Dance Schools,222
Funeral Services & Cemeteries,221
Medical Supplies,221
Musical Instrument Services,219
Video/Film Production,219
Hiking,219
Landmarks & Historical Buildings,219
Investing,217
Bankruptcy Law,217
Comic Books,217
Carpet Installation,214
Airports,214
Television Service Providers,213
Home Organization,213
Cheese Shops,212
Gutter Services,211
Personal Shopping,210
Refinishing Services,210
Social Clubs,209
DJs,209
Resorts,208
Persian/Iranian,208
Escape Games,207
Spanish,207
Irish,206
Home Theatre Installation,204
Bed & Breakfast,204
Tutoring Centers,204
Cannabis Clinics,203
Screen Printing/T-Shirt Printing,202
Gold Buyers,202
International Grocery,201
RV Repair,201
Solar Installation,201
Internet Cafes,200
Stadiums & Arenas,197
Home Automation,196
Data Recovery,195
Walk-in Clinics,194
Mortgage Lenders,193
Adult Education,193
Packing Supplies,193
Countertop Installation,189
Laundromat,188
Wraps,188
Roadside Assistance,187
Parking,187
Bistros,185
Plus Size Fashion,184
Gay Bars,184
Cosmetology Schools,183
Wineries,183
Vehicle Wraps,182
Customized Merchandise,182
Real Estate Law,181
Rugs,180
Driving Schools,179
Barre Classes,177
Framing,177
Supernatural Readings,176
Comedy Clubs,175
Adult,173
Boating,173
Cardio Classes,173
Pet Adoption,172
Delicatessen,171
Art Schools,170
Tanning Beds,170
Videographers,169
Business Law,169
Cannabis Dispensaries,168
Dog Parks,168
Tattoo Removal,167
Jazz & Blues,166
African,165
Grout Services,164
Gun/Rifle Ranges,163
Wigs,163
Photo Booth Rentals,162
Departments of Motor Vehicles,162
British,162
Gelato,161
Recycling Center,161
Occupational Therapy,160
Cardiologists,160
Falafel,159
Teeth Whitening,159
Animal Shelters,159
Costumes,158
Team Building Activities,156
Airlines,155
Paint Stores,155
Turkish,154
Shutters,152
Video Game Stores,151
Metal Fabricators,151
Knitting Supplies,150
Waffles,149
Vinyl Records,149
RV Dealers,149
Print Media,148
Party Bus Rentals,148
Kosher,146
Hot Pot,146
Private Tutors,146
Afghan,145
Bespoke Clothing,144
Brasseries,144
Assisted Living Facilities,143
Patio Coverings,143
Screen Printing,142
Payroll Services,142
Neurologist,140
Acai Bowls,140
Business Consulting,138
Swimwear,138
Ear Nose & Throat,135
Cantonese,133
Psychiatrists,132
Septic Services,131
Radiologists,130
Body Contouring,130
Allergists,130
Battery Stores,130
Gymnastics,130
Vacation Rentals,129
Outdoor Furniture Stores,128
Plastic Surgeons,128
Lawn Services,127
Title Loans,127
Vocational & Technical School,127
Shared Office Spaces,124
Irish Pub,123
Registration Services,122
Fireplace Services,122
Pasta Shops,121
Meditation Centers,121
Herbs & Spices,120
Security Services,120
Brewpubs,120
Artificial Turf,119
Personal Chefs,119
Cooking Schools,118
Embroidery & Crochet,117
Fitness/Exercise Equipment,117
Candle Stores,117
Paint & Sip,116
Peruvian,116
Tennis,116
Snow Removal,114
Pan Asian,113
& Probates,113
Wills,113
Mini Golf,113
Trusts,113
German,112
University Housing,112
TV Mounting,112
Uniforms,111
Test Preparation,110
Radio Stations,110
Golf Equipment,109
Commercial Truck Repair,109
Special Education,108
Decks & Railing,108
Carpenters,108
Swimming Lessons/Schools,107
Hair Loss Centers,107
Utilities,105
Wholesalers,104
Indoor Playcentre,104
Siding,104
Propane,104
Szechuan,104
Skating Rinks,104
Immigration Law,103
Kebab,102
Cycling Classes,102
Audiologist,101
Boat Repair,100
Career Counseling,99
Brazilian,98
Tabletop Games,98
Beer Gardens,95
Hospice,95
Car Buyers,95
Orthotics,94
Country Clubs,93
Home Staging,93
Ethiopian,92
Pretzels,92
Appraisal Services,92
Motorcycle Gear,91
Emergency Pet Hospital,91
Insulation Installation,91
Horseback Riding,91
Cooking Classes,90
Auto Upholstery,90
Service Stations,90
Yelp Events,89
Furniture Repair,89
Hearing Aid Providers,89
Live/Raw Food,88
Employment Law,88
Midwives,88
Kickboxing,88
Bookkeepers,88
Professional Sports Teams,88
Sleep Specialists,87
Polish,87
Cuban,87
Mountain Biking,87
Soccer,86
Gastroenterologist,86
Luggage,86
RV Rental,86
Guitar Stores,85
Wedding Chapels,84
Dental Hygienists,84
Ticket Sales,84
Urologists,83
New Mexican Cuisine,83
Furniture Assembly,82
Souvenir Shops,82
Salvadoran,82
Hypnosis/Hypnotherapy,81
Macarons,80
Endocrinologists,80
Trampoline Parks,80
Trailer Repair,79
Speech Therapists,79
Psychics,79
Malaysian,78
Arabian,77
Spiritual Shop,77
RV Parks,77
Auction Houses,77
Waterproofing,76
IV Hydration,76
Donairs,76
Moroccan,76
Golf Lessons,75
Smokehouse,75
Skilled Nursing,75
Musicians,74
Psychologists,74
Brazilian Jiu-jitsu,74
Himalayan/Nepalese,74
Challenge Courses,74
Osteopathic Physicians,74
Vehicle Shipping,74
Beaches,74
Oncologist,74
Maternity Wear,74
Rafting/Kayaking,73
Travel Agents,73
Sunglasses,73
Fertility,73
Awnings,71
Hydro-jetting,70
Water Stores,70
Leisure Centers,69
Henna Artists,69
Alternative Medicine,68
Community Centers,68
Train Stations,68
Bus Tours,68
Campgrounds,68
Home Network Installation,68
Strip Clubs,67
Hats,67
Whiskey Bars,67
Condominiums,66
Boudoir Photography,66
Wildlife Control,66
Magicians,66
Buses,65
Karate,65
Stucco Services,65
Wine Tasting Room,65
Private Investigation,64
Hostels,64
Aestheticians,64
Popcorn Shops,64
Piano Services,64
Farms,64
Perfume,64
Engraving,64
Personal Assistants,63
Donation Center,63
Firearm Training,63
Acne Treatment,63
Laser Tag,62
Hunting & Fishing Supplies,62
Russian,62
Walking Tours,62
Officiants,62
Real Estate Photography,62
Recording & Rehearsal Studios,61
Kids Hair Salons,61
Estate Liquidation,60
Skate Shops,60
Christmas Trees,60
Commercial Truck Dealers,60
Personal Care Services,60
Hakka,60
Emergency Rooms,60
Workers Compensation Law,59
Installment Loans,59
Coffee & Tea Supplies,59
Aquarium Services,58
Debt Relief Services,58
Water Delivery,57
Health Coach,57
Colombian,57
Farming Equipment,57
Montessori Schools,57
Self-defense Classes,57
Shredding Services,57
Demolition Services,57
Diving,56
Bartenders,56
Saunas,56
Argentine,56
Climbing,56
Pool & Billiards,55
Clothing Rental,55
Prosthodontists,55
Boat Charters,55
Flea Markets,55
ATV Rentals/Tours,54
Fire Protection Services,54
Traffic Ticketing Law,54
Boat Dealers,54
Mobile Dent Repair,54
Taekwondo,54
Fondue,54
Historical Tours,54
Sugaring,54
Chimney Sweeps,53
CPR Classes,53
Aquariums,53
Newspapers & Magazines,53
Belgian,53
Architects,53
Lighting Stores,52
Circuit Training Gyms,52
Mongolian,52
Zoos,52
Police Departments,51
Auto Security,51
Cremation Services,51
International,51
Day Camps,50
Race Tracks,50
Distilleries,50
Speakeasies,50
Lactation Services,50
Medical Transportation,50
Ski & Snowboard Shops,50
Trailer Rental,50
Blood & Plasma Donation Centers,50
Holiday Decorations,49
Scuba Diving,49
Public Relations,49
Pet Photography,49
Trophy Shops,48
Grilling Equipment,48
Estheticians,48
Cafeteria,48
Airport Lounges,48
Anesthesiologists,48
Lakes,47
Balloon Services,47
Trailer Dealers,47
Sri Lankan,47
Hydrotherapy,47
Cambodian,46
Fishing,46
Addiction Medicine,46
Nurse Practitioner,46
Food Tours,45
Solar Panel Cleaning,45
Doulas,45
Cultural Center,45
Software Development,45
High Fidelity Audio Equipment,45
Pet Cremation Services,45
Cryotherapy,44
Cabaret,44
Go Karts,44
Vacation Rental Agents,44
Archery,44
Colonics,44
Paint-Your-Own Pottery,43
Livestock Feed & Supply,43
Mobility Equipment Sales & Services,43
Float Spa,43
Pet Transportation,42
Prenatal/Perinatal Care,42
Environmental Abatement,42
Business Financing,42
Art Museums,42
Health Insurance Offices,42
Home Energy Auditors,41
Face Painting,41
Courthouses,41
Cigar Bars,41
Memory Care,41
Venezuelan,41
Botanical Gardens,41
Wine Tours,40
Television Stations,40
Tai Chi,40
Pulmonologist,40
Teppanyaki,40
Pop-up Shops,39
Guest Houses,39
Safe Stores,39
Massage Schools,39
Flight Instruction,39
Local Fish Stores,39
Skate Parks,39
Dumpster Rental,38
Races & Competitions,38
Talent Agencies,38
Roof Inspectors,38
Religious Schools,38
Prosthetics,38
Farm Equipment Repair,38
Haunted Houses,37
Psychic Mediums,37
Party Characters,37
Pet Breeders,37
Powder Coating,37
Bail Bondsmen,37
Opera & Ballet,37
First Aid Classes,37
Motorcycle Rental,37
Paintball,37
Used Bookstore,36
Rock Climbing,36
Batting Cages,36
Currency Exchange,36
Themed Cafes,36
Spine Surgeons,36
Paddleboarding,36
Beverage Store,35
House Sitters,35
Herbal Shops,35
Medical Cannabis Referrals,35
Town Car Service,35
Home Developers,35
Dumplings,34
Medical Law,34
Nanny Services,34
Language Schools,34
Pet Waste Removal,34
Furniture Rental,34
Airport Terminals,33
Foundation Repair,33
Generator Installation/Repair,33
Ethnic Grocery,33
Laotian,33
Hungarian,33
Machine & Tool Rental,33
Bounce House Rentals,33
Firewood,33
Puerto Rican,33
Tax Law,32
Horse Boarding,32
Singaporean,32
Knife Sharpening,32
Shoe Shine,32
Piano Bars,31
Vascular Medicine,31
Gunsmith,31
Axe Throwing,31
Brewing Supplies,31
Environmental Testing,31
Excavation Services,30
Muay Thai,30
Health Retreats,30
Mobile Home Parks,30
Basque,30
Beer Tours,30
Indonesian,30
Tui Na,29
Dance Wear,29
Car Inspectors,29
Clock Repair,29
Process Servers,29
Aerial Fitness,29
Translation Services,28
Aerial Tours,28
Hong Kong Style Cafe,28
Disc Golf,28
Eatertainment,27
Bangladeshi,27
Fingerprinting,27
Preventive Medicine,27
Ukrainian,27
Mortuary Services,27
Social Security Law,27
Rheumatologists,27
Car Brokers,27
Izakaya,27
Dinner Theater,27
Ethical Grocery,26
Motorsport Vehicle Repairs,26
Public Markets,26
Editorial Services,26
Parenting Classes,26
Restaurant Supplies,25
Ultrasound Imaging Centers,25
Champagne Bars,25
Matchmakers,25
Retina Specialists,25
Mediators,24
South African,24
Virtual Reality Centers,24
Tenant and Eviction Law,23
Holiday Decorating Services,23
Homeowner Association,23
Tasting Classes,23
Boat Tours,23
Tiki Bars,23
Horse Equipment Shops,23
Holistic Animal Care,23
Childbirth Education,23
Passport & Visa Services,23
Synagogues,22
Concierge Medicine,22
Valet Services,22
LAN Centers,22
Golf Cart Dealers,22
Halotherapy,22
Music Production Services,22
Shaved Snow,22
Gemstones & Minerals,22
Pop-Up Restaurants,22
Motorsport Vehicle Dealers,22
Golf Cart Rentals,21
Private Schools,21
Bird Shops,21
Hot Air Balloons,21
Bar Crawl,21
Empanadas,21
Basketball Courts,21
Commissioned Artists,21
Dominican,21
Egyptian,21
Bike tours,20
Kitchen Supplies,20
Wallpapering,20
Olive Oil,20
Audio/Visual Equipment Rental,20
Buddhist Temples,20
Jet Skis,20
Oxygen Bars,20
Piano Stores,20
Hockey Equipment,20
Pumpkin Patches,20
Country Dance Halls,19
CSA,19
Cideries,19
Adoption Services,19
Water Parks,19
Elder Care Planning,19
Pole Dancing Classes,19
Car Share Services,19
Coffeeshops,19
Clowns,19
Syrian,18
Outdoor Power Equipment Services,18
Haitian,18
Pet Hospice,18
Bingo Halls,18
Baseball Fields,18
Misting System Services,17
Traffic Schools,17
Chinese Martial Arts,17
Religious Items,17
Golf Equipment Shops,17
Lice Services,17
Skydiving,17
Airsoft,17
Cannabis Collective,17
Machine Shops,17
Pick Your Own Farms,17
Wine Tasting Classes,16
Club Crawl,16
Mobile Home Dealers,16
Cannabis Tours,16
Placenta Encapsulations,16
Behavior Analysts,16
Fur Clothing,16
Ski Resorts,16
Food Banks,16
Racing Experience,15
Childproofing,15
3D Printing,15
Bartending Schools,15
Senior Centers,15
Mobile Home Repair,15
Rolfing,15
Children's Museums,15
College Counseling,15
Public Art,14
Ice Delivery,14
Squash,14
Product Design,14
Dietitians,14
Scandinavian,14
Art Restoration,14
Glass Blowing,14
Hydroponics,14
Japanese Curry,14
Tableware,14
Honey,14
Scooter Rentals,13
Emergency Medicine,13
Marinas,13
Contract Law,13
Motorcycle Parts & Supplies,13
Burmese,13
Diamond Buyers,13
Embassy,13
Nursing Schools,13
Neurotologists,13
Attraction Farms,13
Sandblasting,12
Military Surplus,12
IP & Internet Law,12
Backflow Services,12
Supper Clubs,12
Car Auctions,12
Conveyor Belt Sushi,12
Sugar Shacks,12
Sex Therapists,12
Shanghainese,12
Ziplining,12
Hazardous Waste Disposal,11
Disability Law,11
Reproductive Health Services,11
Armenian,11
Crisis Pregnancy Centers,11
Australian,11
Trains,11
Fire Departments,11
Junkyards,11
Spin Classes,11
Well Drilling,10
Surf Shop,10
Astrologers,10
Drive-In Theater,10
Badminton,10
Private Jet Charter,10
Reptile Shops,10
Aircraft Dealers,10
Digitizing Services,10
Indoor Landscaping,10
Art Tours,10
Game Truck Rental,10
Horse Racing,10
Fireworks,10
Bookbinding,10
Kombucha,9
Surfing,9
Cheerleading,9
Bicycles,9
Observatories,9
Pancakes,9
Hybrid Car Repair,9
Dive Shops,9
Duplication Services,9
Scooter Tours,9
Pet Insurance,9
Hindu Temples,9
Photography Classes,9
Scavenger Hunts,9
Qi Gong,9
Infectious Disease Specialists,9
Party Bike Rentals,9
Meaderies,8
Art Space Rentals,8
Teacher Supplies,8
Safety Equipment,8
Caricatures,8
Sailing,8
Hepatologists,8
Gerontologists,8
Ayurveda,8
Visitor Centers,8
Rest Stops,8
Honduran,8
Beach Equipment Rentals,8
EV Charging Stations,8
Public Adjusters,8
Petting Zoos,8
Austrian,8
Architectural Tours,7
Animal Physical Therapy,7
Tubing,7
Grill Services,7
Apartment Agents,7
Drones,7
Veterans Organizations,7
Striptease Dancers,7
Crane Services,7
Bike Sharing,7
Immunodermatologists,7
Aircraft Repairs,7
Ranches,7
Civic Center,7
Bus Rental,7
Bike Shop,7
Playsets,7
Flowers,7
Storefront Clinics,6
Jails & Prisons,6
Czech,6
Nephrologists,6
Duty-Free Shops,6
Sheds & Outdoor Storage,6
Proctologists,6
Community Gardens,6
Planetarium,6
Mosques,6
Trinidadian,6
Foot Care,6
Free Diving,6
Erotic Massage,5
Concept Shops,5
Tuscan,5
Pathologists,5
Undersea/Hyperbaric Medicine,5
Unofficial Yelp Events,5
Elder Law,5
Skiing,5
Taxidermy,5
Vocal Coach,5
Snorkeling,5
DIY Auto Shop,5
Homeless Shelters,5
Iberian,5
Neuropathologists,5
Boat Parts & Supplies,5
Traditional Clothing,5
Pub Food,5
Pedicabs,5
Feng Shui,5
Interlock Systems,5
Structural Engineers,5
Bubble Soccer,5
Carpet Dyeing,4
Uzbek,4
Surf Schools,4
Fuel Docks,4
Beach Bars,4
Animal Assisted Therapy,4
Carousels,4
Luggage Storage,4
Nudist,4
Sports Psychologists,4
Tickets,4
Slovakian,4
Phlebologists,4
Game Meat,4
Sicilian,4
Land Surveying,4
Ski Schools,4
Bike Repair,4
Makerspaces,4
Scottish,4
Calligraphy,3
Chimney Cakes,3
Patent Law,3
Sledding,3
Waldorf Schools,3
Portable Toilet Services,3
Metro Stations,3
Pickleball,3
Customs Brokers,3
Art Installation,3
Art Consultants,3
Town Hall,3
Auto Electric Services,3
Bus Stations,3
Municipality,3
Otologists,3
Aviation Services,3
Biohazard Cleanup,3
Cheese Tasting Classes,3
Props,3
Nicaraguan,3
Water Suppliers,3
Fencing Clubs,3
Medical Foot Care,2
Guamanian,2
Registry Office,2
Bocce Ball,2
Drive-Thru Bars,2
Mauritius,2
Polynesian,2
Beer Garden,2
Dialysis Clinics,2
Hotel bar,2
Natural Gas Suppliers,2
Outdoor Movies,2
Kiosk,2
Rotisserie Chicken,2
Swiss Food,2
Sports Betting,2
Kitchen Incubators,2
Trivia Hosts,2
Eritrean,2
Consumer Law,2
Billing Services,2
Reunion,2
Linens,2
Bike Parking,2
Pita,2
Hainan,2
Habilitative Services,2
Senegalese,2
Hearing Aids,2
Drama Schools,2
General Festivals,1
Calabrian,1
Rodeo,1
Udon,1
Tempura,1
Czech/Slovakian,1
Mobile Clinics,1
Court Reporters,1
Market Stalls,1
Signature Cuisine,1
Tonkatsu,1
Studio Taping,1
Bulgarian,1
Elevator Services,1
Sport Equipment Hire,1
Speech Training,1
Electricity Suppliers,1
Catalan,1
Silent Disco,1
Churros,1
Paragliding,1
Eastern European,1
Experiences,1
Toxicologists,1
Stonemasons,1
Flyboarding,1
Milkshake Bars,1
Bungee Jumping,1
Minho,1
Street Art,1
Japanese Sweets,1
Halfway Houses,1
Backshop,1
Soba,1
Beach Volleyball,1
Oaxacan,1
Osteopaths,1
Beer Hall,1
Ceremonial Clothing,1
Homeopathic,1
Sikh Temples,1
Food Safety Training,1
Island Pub,1
Hang Gliding,1
Wildlife Hunting Ranges,1
Geneticists,1
Sauna Installation & Repair,1
Christmas Markets,1
Entertainment Law,1
